{"cameraMode":{"drawMode":0,"name":"Shaded","section":"Shading Mode"},"sceneLighting":true,"audioPlay":false,"sceneViewState":{"showFog":true,"showMaterialUpdate":false,"showSkybox":true,"showFlares":true,"showImageEffects":true,"showParticleSystems":true},"in2DMode":false,"pivot":{"x":144.32688903808595,"y":25.3787841796875,"z":57.747398376464847},"rotation":{"x":0.04038802906870842,"y":0.6678736805915833,"z":-0.036272548139095309,"w":0.7423570156097412},"size":35.58427429199219,"orthographic":false}